[
  {
    "Title": "Shole",
    "Year": 1980,
    "Color": true,
    "Actors": [
      "Dharamendra",
      "Amitab Bachan",
      "Hemamalini"
    ]
  },
  {
    "Title": "Kuch Kuch Hota Hai",
    "Year": 2000,
    "Color": true,
    "Actors": [
      "Shahrukh Khan",
      "Kajol",
      "Rani Mukherji"
    ]
  },
  {
    "Title": "Bajrani Bhaijan",
    "Year": 2010,
    "Color": true,
    "Actors": [
      "Salman Khan",
      "Kareena Kapoor",
      "Nawajudin"
    ]
  },
  {
    "Title": "Mother India",
    "Year": 1960,
    "Color": false,
    "Actors": [
      "Nargis",
      "Sunil Dutt"
    ]
  }
]
